VH Sequence,Sample,ANT Binding,OVA Binding,pI_seq
QVQLVQSGAEVKKPGASVKVSCKASGYTFTDYYMHWVRQAPGQGLEWMGRVNPNAEATTYNQKFEGRVTMTTDTSTSTAYMELRSLRSDDTAVYYCARSNGLDAWGQGTTVTVSS,E14-02,0.605333371,0.851331573,7.95
QVQLVQSGAEVKKPGASVKVSCKASGYTFTDYYMHWVRQAPGQGLEWMGRVNPNAKGTTYNQKFEGRVTMTTDTSTSTAYMELRSLRSDDTAVYYCARSNGLDAWGQGTTVTVSS,E14-03,1.178589956,1.081845563,8.96
QVQLVQSGAEVKKPGASVKVSCKASGYTFTDYYMHWVRQAPGQGLEWMGRVNPNAGSTTYNQKFEGRVTMTTDTSTSTAYMELRSLRSDDTAVYYCARSNSLDDWGQGTTVTVSS,E14-04,1.497663659,0.813500938,7.95
QVQLVQSGAEVKKPGASVKVSCKASGYTFTDYYMHWVRQAPGQGLEWMGRVNPNRGDTTYNQKFEGRVTMTTDTSTSTAYMELRSLRSDDTAVYYCARSNGLDDWGQGTTVTVSS,E14-05,1.407028087,0.820071338,7.95
QVQLVQSGAEVKKPGASVKVSCKASGYTFTDYSMHWVRQAPGQGLEWMGKVNPNKGGTTYNQKFEGRVTMTTDTSTSTAYMELRSLRSDDTAVYYCARANWLDVWGQGTTVTVSS,E14-10,0.915809852,0.826149154,8.96
QVQLVQSGAEVKKPGASVKVSCKASGYTFTDYVMHWVRQAPGQGLEWMGRVNPNARGTTYNQKFEGRVTMTTDTSTSTAYMELRSLRSDDTAVYYCARSNGLDFWGQGTTVTVSS,E14-11,0.978864682,0.714095195,9.01
QVQLVQSGAEVKKPGASVKVSCKASGYTFTDYFMHWVRQAPGQGLEWMGKVNPNRGSTTYNQKFEGRVTMTTDTSTSTAYMELRSLRSDDTAVYYCARSNLLDYWGQGTTVTVSS,E14-13,0.823271548,0.813367036,8.96
QVQLVQSGAEVKKPGASVKVSCKASGYTFTDYFMHWVRQAPGQGLEWMGEVNPNRGGTTYNQKFEGRVTMTTDTSTSTAYMELRSLRSDDTAVYYCARDNGLDAWGQGTTVTVSS,E14-14,-0.002075393,0.63709904,6.77
QVQLVQSGAEVKKPGASVKVSCKASGYTFTDYFMHWVRQAPGQGLEWMGKVNPNRGATTYNQKFEGRVTMTTDTSTSTAYMELRSLRSDDTAVYYCARSNVLDAWGQGTTVTVSS,E14-17,0.467730464,1.066888875,8.98
QVQLVQSGAEVKKPGASVKVSCKASGYTFTDYVMHWVRQAPGQGLEWMGRVNPNGRGTTYNQKFEGRVTMTTDTSTSTAYMELRSLRSDDTAVYYCARSNLLDDWGQGTTVTVSS,E14-18,1.595139578,0.708621437,8.64
QVQLVQSGAEVKKPGASVKVSCKASGYTFTDYYMHWVRQAPGQGLEWMGRVNPNGGGTTYNQKFEGRVTMTTDTSTSTAYMELRSLRSDDTAVYYCARANWLDYWGQGTTVTVSS,E14-19,0.574480683,0.765334781,8.6
QVQLVQSGAEVKKPGASVKVSCKASGYTFTDYYMHWVRQAPGQGLEWMGRVNPNREGTTYNQKFEGRVTMTTDTSTSTAYMELRSLRSDDTAVYYCARANSLDVWGQGTTVTVSS,E14-20,1.028692657,0.690410973,8.62
QVQLVQSGAEVKKPGASVKVSCKASGYTFTDYDMHWVRQAPGQGLEWMGAVNPNGGGTTYNQKFEGRVTMTTDTSTSTAYMELRSLRSDDTAVYYCARSNVLDYWGQGTTVTVSS,E14-21,0.003264123,0.409272856,6.76
QVQLVQSGAEVKKPGASVKVSCKASGYTFTDYYMHWVRQAPGQGLEWMGKVNPNGRGTTYNQKFEGRVTMTTDTSTSTAYMELRSLRSDDTAVYYCARSNSLDVWGQGTTVTVSS,E14-25,1.295493057,0.662897818,8.96
QVQLVQSGAEVKKPGASVKVSCKASGYTFTDYYMHWVRQAPGQGLEWMGRVNPNKRATTYNQKFEGRVTMTTDTSTSTAYMELRSLRSDDTAVYYCARANALDFWGQGTTVTVSS,E14-27,1.120698751,1.06150343,9.2
QVQLVQSGAEVKKPGASVKVSCKASGYTFTDYFMHWVRQAPGQGLEWMGRVNPNGKGTTYNQKFEGRVTMTTDTSTSTAYMELRSLRSDDTAVYYCARSNALDSWGQGTTVTVSS,E14-29,1.146656017,0.988211668,8.98
QVQLVQSGAEVKKPGASVKVSCKASGYTFTDYYMHWVRQAPGQGLEWMGRVNPNGGSTTYNQKFEGRVTMTTDTSTSTAYMELRSLRSDDTAVYYCARSNALDAWGQGTTVTVSS,E14-30,0.907187806,0.75540566,8.62
QVQLVQSGAEVKKPGASVKVSCKASGYTFTDYSMHWVRQAPGQGLEWMGKVNPNGRGTTYNQKFEGRVTMTTDTSTSTAYMELRSLRSDDTAVYYCARANWLDAWGQGTTVTVSS,E14-31,1.308635652,0.921320522,8.98
QVQLVQSGAEVKKPGASVKVSCKASGYTFTDYFMHWVRQAPGQGLEWMGRVNPNRGDTTYNQKFEGRVTMTTDTSTSTAYMELRSLRSDDTAVYYCARSNALDSWGQGTTVTVSS,E14-38,1.040015484,0.707709429,8.64
QVQLVQSGAEVKKPGASVKVSCKASGYTFTDYVMHWVRQAPGQGLEWMGRVNPNGRGTTYNQKFEGRVTMTTDTSTSTAYMELRSLRSDDTAVYYCARANALDDWGQGTTVTVSS,E14-40,0.881626852,0.683507395,8.64
QVQLVQSGAEVKKPGASVKVSCKASGYTFTDYYMHWVRQAPGQGLEWMGRVNPNRGDTTYNQKFEGRVTMTTDTSTSTAYMELRSLRSDDTAVYYCARANALDVWGQGTTVTVSS,E14-45,0.84546259,0.416625214,8.62
QVQLVQSGAEVKKPGASVKVSCKASGYTFTDYYMHWVRQAPGQGLEWMGRVNPNKGGTTYNQKFEGRVTMTTDTSTSTAYMELRSLRSDDTAVYYCARANSLDDWGQGTTVTVSS,E14-53,1.522301765,0.716210251,8.6
QVQLVQSGAEVKKPGASVKVSCKASGYTFTDYVMHWVRQAPGQGLEWMGRVNPNRGTTTYNQKFEGRVTMTTDTSTSTAYMELRSLRSDDTAVYYCARSNGLDDWGQGTTVTVSS,E14-56,0.961757951,0.806437311,8.64
QVQLVQSGAEVKKPGASVKVSCKASGYTFTDYYMHWVRQAPGQGLEWMGRVNPNGRGTTYNQKFEGRVTMTTDTSTSTAYMELRSLRSDDTAVYYCARSNGLDSWGQGTTVTVSS,E14-60,1.614862422,1.006067178,8.98
QVQLVQSGAEVKKPGASVKVSCKASGYTFTDYFMHWVRQAPGQGLEWMGEVNPNGRDTTYNQKFEGRVTMTTDTSTSTAYMELRSLRSDDTAVYYCARSNGLDYWGQGTTVTVSS,E18-01,0.008741392,0.6299327,6.77
QVQLVQSGAEVKKPGASVKVSCKASGYTFTDYVMHWVRQAPGQGLEWMGRVNPNGKGTTYNQKFEGRVTMTTDTSTSTAYMELRSLRSDDTAVYYCARSNGLDDWGQGTTVTVSS,E18-02,0.652627228,0.321888143,8.62
QVQLVQSGAEVKKPGASVKVSCKASGYTFTDYDMHWVRQAPGQGLEWMGRVNPNGEATTYNQKFEGRVTMTTDTSTSTAYMELRSLRSDDTAVYYCARDNLLDYWGQGTTVTVSS,E18-04,-0.001257731,0.385127027,5.74
QVQLVQSGAEVKKPGASVKVSCKASGYTFTDYYMHWVRQAPGQGLEWMGRVNPNGKATTYNQKFEGRVTMTTDTSTSTAYMELRSLRSDDTAVYYCARANSLDFWGQGTTVTVSS,E18-05,0.805499353,0.579167339,8.96
QVQLVQSGAEVKKPGASVKVSCKASGYTFTDYVMHWVRQAPGQGLEWMGKVNPNGRGTTYNQKFEGRVTMTTDTSTSTAYMELRSLRSDDTAVYYCARSNLLDDWGQGTTVTVSS,E18-06,1.098335958,0.60425626,8.62
QVQLVQSGAEVKKPGASVKVSCKASGYTFTDYYMHWVRQAPGQGLEWMGKVNPNAGDTTYNQKFEGRVTMTTDTSTSTAYMELRSLRSDDTAVYYCARSNSLDFWGQGTTVTVSS,E18-07,0.060013979,0.525406183,7.95
QVQLVQSGAEVKKPGASVKVSCKASGYTFTDYAMHWVRQAPGQGLEWMGAVNPNETGTTYNQKFEGRVTMTTDTSTSTAYMELRSLRSDDTAVYYCARSNWLDYWGQGTTVTVSS,E18-08,-0.003267599,0.60585142,6.77
QVQLVQSGAEVKKPGASVKVSCKASGYTFTDYVMHWVRQAPGQGLEWMGGVNPNRGDTTYNQKFEGRVTMTTDTSTSTAYMELRSLRSDDTAVYYCARYNWLDYWGQGTTVTVSS,E18-09,0.006313216,0.796144601,7.95
QVQLVQSGAEVKKPGASVKVSCKASGYTFTDYSMHWVRQAPGQGLEWMGRVNPNGGGTTYNQKFEGRVTMTTDTSTSTAYMELRSLRSDDTAVYYCARDNVLDDWGQGTTVTVSS,E18-10,-0.001499863,0.437966628,6.77
QVQLVQSGAEVKKPGASVKVSCKASGYTFTDYDMHWVRQAPGQGLEWMGEVNPNETATTYNQKFEGRVTMTTDTSTSTAYMELRSLRSDDTAVYYCARSNWLDYWGQGTTVTVSS,E18-11,-0.003041235,0.499175969,5.26
QVQLVQSGAEVKKPGASVKVSCKASGYTFTDYFMHWVRQAPGQGLEWMGGVNPNEAGTTYNQKFEGRVTMTTDTSTSTAYMELRSLRSDDTAVYYCARANGLDFWGQGTTVTVSS,E18-12,0.011290123,0.685147169,6.77
QVQLVQSGAEVKKPGASVKVSCKASGYTFTDYDMHWVRQAPGQGLEWMGKVNPNAKNTTYNQKFEGRVTMTTDTSTSTAYMELRSLRSDDTAVYYCARVNWLDVWGQGTTVTVSS,E18-13,0.005753572,0.751910166,8.6
QVQLVQSGAEVKKPGASVKVSCKASGYTFTDYYMHWVRQAPGQGLEWMGRVNPNGASTTYNQKFEGRVTMTTDTSTSTAYMELRSLRSDDTAVYYCARANLLDDWGQGTTVTVSS,E18-14,0.913400703,0.716273554,7.95
QVQLVQSGAEVKKPGASVKVSCKASGYTFTDYFMHWVRQAPGQGLEWMGTVNPNTGATTYNQKFEGRVTMTTDTSTSTAYMELRSLRSDDTAVYYCARVNVLDAWGQGTTVTVSS,E18-15,-0.000859164,0.656229738,7.96
QVQLVQSGAEVKKPGASVKVSCKASGYTFTDYFMHWVRQAPGQGLEWMGEVNPNTGGTTYNQKFEGRVTMTTDTSTSTAYMELRSLRSDDTAVYYCARANALDDWGQGTTVTVSS,E18-16,0.00022582,0.452419879,5.73
QVQLVQSGAEVKKPGASVKVSCKASGYTFTDYAMHWVRQAPGQGLEWMGAVNPNEESTTYNQKFEGRVTMTTDTSTSTAYMELRSLRSDDTAVYYCARYNVLDVWGQGTTVTVSS,E18-17,-0.002139414,0.722249816,5.75
QVQLVQSGAEVKKPGASVKVSCKASGYTFTDYDMHWVRQAPGQGLEWMGTVNPNEGSTTYNQKFEGRVTMTTDTSTSTAYMELRSLRSDDTAVYYCARDNWLDVWGQGTTVTVSS,E18-18,-0.007207926,0.30247576,5.23
QVQLVQSGAEVKKPGASVKVSCKASGYTFTDYSMHWVRQAPGQGLEWMGKVNPNAGSTTYNQKFEGRVTMTTDTSTSTAYMELRSLRSDDTAVYYCARFNVLDAWGQGTTVTVSS,E18-19,0.004085221,0.663863557,8.62
QVQLVQSGAEVKKPGASVKVSCKASGYTFTDYDMHWVRQAPGQGLEWMGAVNPNRKGTTYNQKFEGRVTMTTDTSTSTAYMELRSLRSDDTAVYYCARANLLDAWGQGTTVTVSS,E18-20,0.000169808,0.422166471,8.62
QVQLVQSGAEVKKPGASVKVSCKASGYTFTDYVMHWVRQAPGQGLEWMGTVNPNGTSTTYNQKFEGRVTMTTDTSTSTAYMELRSLRSDDTAVYYCARYNALDVWGQGTTVTVSS,E18-21,0.001483144,0.571541927,7.95
QVQLVQSGAEVKKPGASVKVSCKASGYTFTDYSMHWVRQAPGQGLEWMGAVNPNKRATTYNQKFEGRVTMTTDTSTSTAYMELRSLRSDDTAVYYCARSNALDFWGQGTTVTVSS,E18-22,-0.002662895,0.584895418,8.98
QVQLVQSGAEVKKPGASVKVSCKASGYTFTDYDMHWVRQAPGQGLEWMGAVNPNRTDTTYNQKFEGRVTMTTDTSTSTAYMELRSLRSDDTAVYYCARDNLLDFWGQGTTVTVSS,E18-24,0.002659777,0.464187656,5.72
QVQLVQSGAEVKKPGASVKVSCKASGYTFTDYAMHWVRQAPGQGLEWMGGVNPNERTTTYNQKFEGRVTMTTDTSTSTAYMELRSLRSDDTAVYYCARANALDVWGQGTTVTVSS,E18-25,-0.001947105,0.504220588,7.96
QVQLVQSGAEVKKPGASVKVSCKASGYTFTDYYMHWVRQAPGQGLEWMGAVNPNTRSTTYNQKFEGRVTMTTDTSTSTAYMELRSLRSDDTAVYYCARSNLLDDWGQGTTVTVSS,E18-26,0.029717305,0.558489824,7.95
QVQLVQSGAEVKKPGASVKVSCKASGYTFTDYFMHWVRQAPGQGLEWMGEVNPNTKATTYNQKFEGRVTMTTDTSTSTAYMELRSLRSDDTAVYYCARSNGLDYWGQGTTVTVSS,E18-27,0.004173237,0.560142604,7.95
QVQLVQSGAEVKKPGASVKVSCKASGYTFTDYSMHWVRQAPGQGLEWMGGVNPNETDTTYNQKFEGRVTMTTDTSTSTAYMELRSLRSDDTAVYYCARANVLDVWGQGTTVTVSS,E18-28,0.005411934,0.524887769,5.73
QVQLVQSGAEVKKPGASVKVSCKASGYTFTDYDMHWVRQAPGQGLEWMGAVNPNKRDTTYNQKFEGRVTMTTDTSTSTAYMELRSLRSDDTAVYYCARFNLLDVWGQGTTVTVSS,E18-31,0.001281256,0.481698311,7.95
QVQLVQSGAEVKKPGASVKVSCKASGYTFTDYDMHWVRQAPGQGLEWMGEVNPNGGGTTYNQKFEGRVTMTTDTSTSTAYMELRSLRSDDTAVYYCARYNLLDYWGQGTTVTVSS,E18-32,-0.000545299,0.467282229,5.73
QVQLVQSGAEVKKPGASVKVSCKASGYTFTDYYMHWVRQAPGQGLEWMGEVNPNAKATTYNQKFEGRVTMTTDTSTSTAYMELRSLRSDDTAVYYCARANLLDAWGQGTTVTVSS,E18-33,0.012775925,0.553490925,7.95
QVQLVQSGAEVKKPGASVKVSCKASGYTFTDYAMHWVRQAPGQGLEWMGGVNPNGESTTYNQKFEGRVTMTTDTSTSTAYMELRSLRSDDTAVYYCARANSLDAWGQGTTVTVSS,E18-37,0.001113023,0.403321877,6.77
QVQLVQSGAEVKKPGASVKVSCKASGYTFTDYAMHWVRQAPGQGLEWMGAVNPNRRGTTYNQKFEGRVTMTTDTSTSTAYMELRSLRSDDTAVYYCARDNALDDWGQGTTVTVSS,E18-40,0.00377464,0.48924445,7.96
QVQLVQSGAEVKKPGASVKVSCKASGYTFTDYYMHWVRQAPGQGLEWMGEVNPNTEGTTYNQKFEGRVTMTTDTSTSTAYMELRSLRSDDTAVYYCARANGLDVWGQGTTVTVSS,E24-01,0.003238301,0.421698894,5.75
QVQLVQSGAEVKKPGASVKVSCKASGYTFTDYAMHWVRQAPGQGLEWMGEVNPNAGGTTYNQKFEGRVTMTTDTSTSTAYMELRSLRSDDTAVYYCARANSLDYWGQGTTVTVSS,E24-03,0.003265993,0.317331514,6.77
QVQLVQSGAEVKKPGASVKVSCKASGYTFTDYVMHWVRQAPGQGLEWMGTVNPNEGGTTYNQKFEGRVTMTTDTSTSTAYMELRSLRSDDTAVYYCARANWLDDWGQGTTVTVSS,E24-04,0.001233064,0.332672477,5.73
QVQLVQSGAEVKKPGASVKVSCKASGYTFTDYVMHWVRQAPGQGLEWMGEVNPNTRATTYNQKFEGRVTMTTDTSTSTAYMELRSLRSDDTAVYYCARFNGLDVWGQGTTVTVSS,E24-05,-0.001421792,0.43069784,7.96
QVQLVQSGAEVKKPGASVKVSCKASGYTFTDYVMHWVRQAPGQGLEWMGEVNPNAGGTTYNQKFEGRVTMTTDTSTSTAYMELRSLRSDDTAVYYCARFNGLDAWGQGTTVTVSS,E24-06,0.003436593,0.468257689,6.77
QVQLVQSGAEVKKPGASVKVSCKASGYTFTDYSMHWVRQAPGQGLEWMGEVNPNGETTTYNQKFEGRVTMTTDTSTSTAYMELRSLRSDDTAVYYCARDNGLDFWGQGTTVTVSS,E24-07,-0.008428734,0.235812214,5.26
QVQLVQSGAEVKKPGASVKVSCKASGYTFTDYVMHWVRQAPGQGLEWMGTVNPNATATTYNQKFEGRVTMTTDTSTSTAYMELRSLRSDDTAVYYCARSNWLDAWGQGTTVTVSS,E24-10,0.001021989,0.423708475,7.96
QVQLVQSGAEVKKPGASVKVSCKASGYTFTDYDMHWVRQAPGQGLEWMGKVNPNKAATTYNQKFEGRVTMTTDTSTSTAYMELRSLRSDDTAVYYCARANLLDAWGQGTTVTVSS,E24-12,0.001072547,0.335473079,8.6
QVQLVQSGAEVKKPGASVKVSCKASGYTFTDYSMHWVRQAPGQGLEWMGTVNPNKGATTYNQKFEGRVTMTTDTSTSTAYMELRSLRSDDTAVYYCARANLLDVWGQGTTVTVSS,E24-13,-0.001344572,0.440463938,8.62
QVQLVQSGAEVKKPGASVKVSCKASGYTFTDYVMHWVRQAPGQGLEWMGEVNPNGGTTTYNQKFEGRVTMTTDTSTSTAYMELRSLRSDDTAVYYCARSNGLDVWGQGTTVTVSS,E24-15,0.001163225,0.294121152,6.77
QVQLVQSGAEVKKPGASVKVSCKASGYTFTDYVMHWVRQAPGQGLEWMGEVNPNTRGTTYNQKFEGRVTMTTDTSTSTAYMELRSLRSDDTAVYYCARANGLDAWGQGTTVTVSS,E24-16,0.000344687,0.433967886,7.96
QVQLVQSGAEVKKPGASVKVSCKASGYTFTDYVMHWVRQAPGQGLEWMGAVNPNERSTTYNQKFEGRVTMTTDTSTSTAYMELRSLRSDDTAVYYCARSNWLDVWGQGTTVTVSS,E24-19,0.004505522,0.404368644,7.96
QVQLVQSGAEVKKPGASVKVSCKASGYTFTDYDMHWVRQAPGQGLEWMGEVNPNGGNTTYNQKFEGRVTMTTDTSTSTAYMELRSLRSDDTAVYYCARDNALDYWGQGTTVTVSS,E24-20,-0.003641436,0.243562496,5.23
QVQLVQSGAEVKKPGASVKVSCKASGYTFTDYSMHWVRQAPGQGLEWMGAVNPNRTATTYNQKFEGRVTMTTDTSTSTAYMELRSLRSDDTAVYYCARDNALDAWGQGTTVTVSS,E24-21,0.003801323,0.454888225,7.96
QVQLVQSGAEVKKPGASVKVSCKASGYTFTDYYMHWVRQAPGQGLEWMGTVNPNEKTTTYNQKFEGRVTMTTDTSTSTAYMELRSLRSDDTAVYYCARVNVLDDWGQGTTVTVSS,E24-22,0.00219246,0.768198412,6.77
QVQLVQSGAEVKKPGASVKVSCKASGYTFTDYVMHWVRQAPGQGLEWMGGVNPNKTSTTYNQKFEGRVTMTTDTSTSTAYMELRSLRSDDTAVYYCARSNVLDDWGQGTTVTVSS,E24-23,-0.002152991,0.572206553,7.95
QVQLVQSGAEVKKPGASVKVSCKASGYTFTDYVMHWVRQAPGQGLEWMGAVNPNGTDTTYNQKFEGRVTMTTDTSTSTAYMELRSLRSDDTAVYYCARDNVLDAWGQGTTVTVSS,E24-24,4.99E-05,0.310957437,5.71
QVQLVQSGAEVKKPGASVKVSCKASGYTFTDYYMHWVRQAPGQGLEWMGKVNPNTGDTTYNQKFEGRVTMTTDTSTSTAYMELRSLRSDDTAVYYCARANVLDSWGQGTTVTVSS,E24-26,0.072499778,0.496924991,7.95
QVQLVQSGAEVKKPGASVKVSCKASGYTFTDYSMHWVRQAPGQGLEWMGEVNPNGRGTTYNQKFEGRVTMTTDTSTSTAYMELRSLRSDDTAVYYCARDNWLDAWGQGTTVTVSS,E24-30,-0.002809667,0.341843245,6.77
QVQLVQSGAEVKKPGASVKVSCKASGYTFTDYVMHWVRQAPGQGLEWMGRVNPNGTNTTYNQKFEGRVTMTTDTSTSTAYMELRSLRSDDTAVYYCARDNWLDSWGQGTTVTVSS,E24-31,0.005331337,0.492776546,7.96
QVQLVQSGAEVKKPGASVKVSCKASGYTFTDYYMHWVRQAPGQGLEWMGRVNPNGAGTTYNQKFEGRVTMTTDTSTSTAYMELRSLRSDDTAVYYCARANLLDYWGQGTTVTVSS,E24-32,1.044484592,0.501304824,8.6
QVQLVQSGAEVKKPGASVKVSCKASGYTFTDYFMHWVRQAPGQGLEWMGGVNPNETGTTYNQKFEGRVTMTTDTSTSTAYMELRSLRSDDTAVYYCARANSLDFWGQGTTVTVSS,E24-33,0.000872187,0.522744307,6.77
QVQLVQSGAEVKKPGASVKVSCKASGYTFTDYAMHWVRQAPGQGLEWMGAVNPNATNTTYNQKFEGRVTMTTDTSTSTAYMELRSLRSDDTAVYYCARYNVLDYWGQGTTVTVSS,E24-34,0.001533175,0.630137883,7.95
QVQLVQSGAEVKKPGASVKVSCKASGYTFTDYVMHWVRQAPGQGLEWMGRVNPNGTDTTYNQKFEGRVTMTTDTSTSTAYMELRSLRSDDTAVYYCARDNLLDDWGQGTTVTVSS,E24-35,-0.007635308,0.404563024,5.72
QVQLVQSGAEVKKPGASVKVSCKASGYTFTDYSMHWVRQAPGQGLEWMGEVNPNGEDTTYNQKFEGRVTMTTDTSTSTAYMELRSLRSDDTAVYYCARANLLDAWGQGTTVTVSS,E24-36,-0.007115588,0.317470035,5.26
QVQLVQSGAEVKKPGASVKVSCKASGYTFTDYAMHWVRQAPGQGLEWMGTVNPNGGTTTYNQKFEGRVTMTTDTSTSTAYMELRSLRSDDTAVYYCARFNALDFWGQGTTVTVSS,E24-37,-0.000877226,0.470191968,7.96
QVQLVQSGAEVKKPGASVKVSCKASGYTFTDYSMHWVRQAPGQGLEWMGTVNPNKTSTTYNQKFEGRVTMTTDTSTSTAYMELRSLRSDDTAVYYCARVNGLDFWGQGTTVTVSS,E24-38,0.005770936,0.573824449,8.62
QVQLVQSGAEVKKPGASVKVSCKASGYTFTDYVMHWVRQAPGQGLEWMGRVNPNGAGTTYNQKFEGRVTMTTDTSTSTAYMELRSLRSDDTAVYYCARSNALDDWGQGTTVTVSS,E24-39,0.051814156,0.408548449,7.96
QVQLVQSGAEVKKPGASVKVSCKASGYTFTDYYMHWVRQAPGQGLEWMGRVNPNAGTTTYNQKFEGRVTMTTDTSTSTAYMELRSLRSDDTAVYYCARSNLLDDWGQGTTVTVSS,E27-01,1.185385016,0.598444177,7.95
QVQLVQSGAEVKKPGASVKVSCKASGYTFTDYYMHWVRQAPGQGLEWMGKVNPNKRGTTYNQKFEGRVTMTTDTSTSTAYMELRSLRSDDTAVYYCARSNALDAWGQGTTVTVSS,E27-02,0.950148728,0.665391251,9.17
QVQLVQSGAEVKKPGASVKVSCKASGYTFTDYYMHWVRQAPGQGLEWMGKVNPNRGSTTYNQKFEGRVTMTTDTSTSTAYMELRSLRSDDTAVYYCARSNLLDYWGQGTTVTVSS,E27-03,1.077980295,0.497581594,8.93
QVQLVQSGAEVKKPGASVKVSCKASGYTFTDYYMHWVRQAPGQGLEWMGRVNPNARSTTYNQKFEGRVTMTTDTSTSTAYMELRSLRSDDTAVYYCARSNSLDSWGQGTTVTVSS,E27-05,1.148331217,0.611622504,8.98
QVQLVQSGAEVKKPGASVKVSCKASGYTFTDYYMHWVRQAPGQGLEWMGRVNPNAGGTTYNQKFEGRVTMTTDTSTSTAYMELRSLRSDDTAVYYCARANALDAWGQGTTVTVSS,E27-08,0.915357488,0.466704263,8.62
QVQLVQSGAEVKKPGASVKVSCKASGYTFTDYYMHWVRQAPGQGLEWMGRVNPNAGGTTYNQKFEGRVTMTTDTSTSTAYMELRSLRSDDTAVYYCARSNGLDDWGQGTTVTVSS,E27-10,1.211584193,0.679656384,7.95
QVQLVQSGAEVKKPGASVKVSCKASGYTFTDYYMHWVRQAPGQGLEWMGRVNPNTRDTTYNQKFEGRVTMTTDTSTSTAYMELRSLRSDDTAVYYCARSNLLDYWGQGTTVTVSS,E35-04,0.622905251,0.557079152,8.6
QVQLVQSGAEVKKPGASVKVSCKASGYTFTDYYMHWVRQAPGQGLEWMGRVNPNREDTTYNQKFEGRVTMTTDTSTSTAYMELRSLRSDDTAVYYCARANLLDDWGQGTTVTVSS,E35-06,1.118617215,0.602225174,6.77
QVQLVQSGAEVKKPGASVKVSCKASGYTFTDYFMHWVRQAPGQGLEWMGRVNPNGGSTTYNQKFEGRVTMTTDTSTSTAYMELRSLRSDDTAVYYCARANLLDAWGQGTTVTVSS,E35-07,0.34854633,0.580088966,8.64
QVQLVQSGAEVKKPGASVKVSCKASGYTFTDYYMHWVRQAPGQGLEWMGRVNPNTGATTYNQKFEGRVTMTTDTSTSTAYMELRSLRSDDTAVYYCARANLLDAWGQGTTVTVSS,E35-08,0.964875723,0.425541894,8.62
QVQLVQSGAEVKKPGASVKVSCKASGYTFTDYYMHWVRQAPGQGLEWMGRVNPNKGTTTYNQKFEGRVTMTTDTSTSTAYMELRSLRSDDTAVYYCARANLLDDWGQGTTVTVSS,E35-12,1.11591131,0.661500447,8.6
QVQLVQSGAEVKKPGASVKVSCKASGYTFTDYFMHWVRQAPGQGLEWMGRVNPNTGDTTYNQKFEGRVTMTTDTSTSTAYMELRSLRSDDTAVYYCARANGLDDWGQGTTVTVSS,E37-01,0.583561962,0.518502705,6.77
QVQLVQSGAEVKKPGASVKVSCKASGYTFTDYYMHWVRQAPGQGLEWMGRVNPNTRDTTYNQKFEGRVTMTTDTSTSTAYMELRSLRSDDTAVYYCARANGLDSWGQGTTVTVSS,E37-02,0.305430943,0.576817585,8.62
QVQLVQSGAEVKKPGASVKVSCKASGYTFTDYYMHWVRQAPGQGLEWMGRVNPNGGDTTYNQKFEGRVTMTTDTSTSTAYMELRSLRSDDTAVYYCARSNGLDYWGQGTTVTVSS,E37-03,0.039410582,0.49441288,7.95
QVQLVQSGAEVKKPGASVKVSCKASGYTFTDYYMHWVRQAPGQGLEWMGRVNPNTRSTTYNQKFEGRVTMTTDTSTSTAYMELRSLRSDDTAVYYCARSNGLDVWGQGTTVTVSS,E37-04,1.041641789,0.6741516,8.98
QVQLVQSGAEVKKPGASVKVSCKASGYTFTDYYMHWVRQAPGQGLEWMGRVNPNGGDTTYNQKFEGRVTMTTDTSTSTAYMELRSLRSDDTAVYYCARANGLDDWGQGTTVTVSS,E37-11,0.36725114,0.504493586,6.77
QVQLVQSGAEVKKPGASVKVSCKASGYTFTDYYMHWVRQAPGQGLEWMGRVNPNGGSTTYNQKFEGRVTMTTDTSTSTAYMELRSLRSDDTAVYYCARSNGLDVWGQGTTVTVSS,E37-12,1.21816181,0.623300738,8.62
QVQLVQSGAEVKKPGASVKVSCKASGYTFTDYYMHWVKQAPGQGLEWMGRVNPNTRDTTYNQKFEGRVTMTTDTSTSTAYMELRSLRSDDTAVYYCARANLLDDWGQGTTVTVSS,E39-02,0.951329891,0.652863485,7.95
QVQLVQSGAEVKKPGASVKVSCKASGYTFTDYFMHWVRQAPGQGLEWMGRVNPNTGDTTYNQKFEGRVTMTTDTSTSTAYMELRSLRSDDTAVYYCARSNLLDYWGQGTTVTVSS,E39-06,0.321241039,0.581703122,7.95
QVQLVQSGAEVKKPGASVKVSCKASGYTFTDYYMHWVRQAPGQGLEWMGRVNPNRRGTTYNQKFEGRVTMTTDTSTSTAYMELRSLRSDDTAVYYCARSNSLDVWGQGTTVTVSS,E39-09,1.513233547,0.752652305,9.23
QVQLVQSGAEVKKPGASVKVSCKASGYTFTDYYMHWVRQAPGQGLEWMGRVNPNGEGTTYNQKFEGRVTMTTDTSTSTAYMELRSLRSDDTAVYYCARANLLDAWGQGTTVTVSS,E39-10,0.562914756,0.495113639,7.95
QVQLVQSGAEVKKPGASVKVSCKASGYTFTDYYMHWVRQAPGQGLEWMGRVNPNAGGTTYNQKFEGRVTMTTDTSTSTAYMELRSLRSDDTAVYYCARANLLDAWGQGTTVTVSS,E39-11,1.038309357,0.494281801,8.62
QVQLVQSGAEVKKPGASVKVSCKASGYTFTDYYMHWVRQAPGQGLEWMGRVNPNTGATTYNQKFEGRVTMTTDTSTSTAYMELRSLRSDDTAVYYCARSNGLDYWGQGTTVTVSS,E39-12,0.769282604,0.575902303,8.6
QVQLVQSGAEVKKPGASVKVSCKASGYTFTDYYMHWVRQAPGQGLEWMGRVNPNTRDTTYNQKFEGRVTMTTDTSTSTAYMELRSLRSDDTAVYYCARANGLDDWGQGTTVTVSS,E41-01,0.790007803,0.475196965,7.95
QVQLVQSGAEVKKPGASVKVSCKASGYTFTDYYMHWVRQAPGQGLEWMGRVNPNAGGTTYNQKFEGRVTMTTDTSTSTAYMELRSLRSDDTAVYYCARANGLDDWGQGTTVTVSS,E41-04,1.029590329,0.502505497,7.95
QVQLVQSGAEVKKPGASVKVSCKASGYTFTDYYMHWVRQAPGQGLEWMGRVNPNTRATTYNQKFEGRVTMTTDTSTSTAYMELRSLRSDDTAVYYCARANLLDDWGQGTTVTVSS,E41-06,1.125031961,0.551943626,8.62
QVQLVQSGAEVKKPGASVKVSCKASGYTFTDYYMHWVRQAPGQGLEWMGRVNPNTRETTYNQKFEGRVTMTTDTSTSTAYMELRSLRSDDTAVYYCARANGLDDWGQGTTVTVSS,E41-08,0.814482608,0.609459779,7.95
QVQLVQSGAEVKKPGASVKVSCKASGYTFTDYYMHWVRQAPGQGLEWMGRVNPNGRGTTYNQKFEGRVTMTTDTSTSTAYMELRSLRSDDTAVYYCARSNGLDYWGQGTTVTVSS,E43-01,1.487108946,0.658613921,8.96
QVQLVQSGAEVKKPGASVKVSCKASGYTFTDYYMHWVRQAPGQGLEWMGKVNPNGRGTTYNQKFEGRVTMTTDTSTSTAYMELRSLRSDDTAVYYCARSNGLDYWGQGTTVTVSS,E43-03,1.094591437,0.651996322,8.93
QVQLVQSGAEVKKPGASVKVSCKASGYTFTDYYMHWVRQAPGQGLEWMGRVNPNAGGTTYNQKFEGRVTMTTDTSTSTAYMELRSLRSDDTAVYYCARSNGLDYWGQGTTVTVSS,E43-05,1.079776339,0.620917889,8.6
QVQLVQSGAEVKKPGASVKVSCKASGYTFTDYYMHWVRQAPGQGLEWMGRVNPNGRGTTYNQKFEGRVTMTTDTSTSTAYMELRSLRSDDTAVYYCARSNLLDDWGQGTTVTVSS,E43-06,1.612289349,0.712756656,8.62
QVQLVQSGAEVKKPGASVKVSCKASGYTFTDYYMHWVRQAPGQGLEWMGKVNPNGRGTTYNQKFEGRVTMTTDTSTSTAYMELRSLRSDDTAVYYCARANWLDDWGQGTTVTVSS,E43-07,0.910281361,0.640254579,8.6
QVQLVQSGAEVKKPGASVKVSCKASGYTFTDYYMHWVRQAPGQGLEWMGRVNPNAGTTTYNQKFEGRVTMTTDTSTSTAYMELRSLRSDDTAVYYCARSNGLDYWGQGTTVTVSS,E43-09,1.001923744,0.566632593,8.6
QVQLVQSGAEVKKPGASVKVSCKASGYTFTDYYMHWVRQAPGQGLEWMGRVNPNGRGTTYNQKFEGRVTMTTDTSTSTAYMELRSLRSDDTAVYYCARSNLLDYWGQGTTVTVSS,E45-02,1.564398146,0.601412868,8.96
QVQLVQSGAEVKKPGASVKVSCKASGYTFTDYYMHWVRQAPGQGLEWMGRVNPNGRGTTYNQKFEGRVTMTTDTSTSTAYMELRSLRSDDTAVYYCARANLLDDWGQGTTVTVSS,E45-04,1.452623163,0.638649927,8.62
QVQLVQSGAEVKKPGASVKVSCKASGYTFTDYYMHWVRQAPGQGLEWMGRVNPNTAGTTYNQKFEGRVTMTTDTSTSTAYMELRSLRSDDTAVYYCARSNLLDYWGQGTTVTVSS,E45-05,0.951104283,0.581635233,8.6
QVQLVQSGAEVKKPGASVKVSCKASGYTFTDYYMHWVRQAPGQGLEWMGRVNPNAGGTTYNQKFEGRVTMTTDTSTSTAYMELRSLRSDDTAVYYCARSNLLDDWGQGTTVTVSS,E45-06,1.152054986,0.548171131,7.95
QVQLVQSGAEVKKPGASVKVSCKASGYTFTDYYMHWVRQAPGQGLEWMGRVNPNGRGTTYNQKFEGRVTMTTDTSTSTAYMELRSLRSDDTAVYYCARANVLDVWGQGTTVTVSS,E45-09,1.463341815,0.610836121,8.98
QVQLVQSGAEVKKPGASVKVSCKASGYTFTDYYMHWVRQAPGQGLEWMGKVNPNRGSTTYNQKFEGRVTMTTDTSTSTAYMELRSLRSDDTAVYYCARSNLLDFWGQGTTVTVSS,E45-11,1.02021626,0.558968485,8.96
QVQLVQSGAEVKKPGASVKVSCKASGYTFTDYYMHWVRQAPGQGLEWMGRVNPNAGGTTYNQKFEGRVTMTTDTSTSTAYMELRSLRSDDTAVYYCARSNLLDYWGQGTTVTVSS,EM-01,1.137894738,0.590936018,8.6
QVQLVQSGAEVKKPGASVKVSCKASGYTFTDYYMHWVRQAPGQGLEWMGRVNPNGRGTTYNQKFEGRVTMTTDTSTSTAYMELRSLRSDDTAVYYCARANALDAWGQGTTVTVSS,EM-02,1.550089927,0.554336397,8.98
QVQLVQSGAEVKKPGASVKVSCKASGYTFTDYFMHWVRQAPGQGLEWMGRVNPNTGDTTYNQKFEGRVTMTTDTSTSTAYMELRSLRSDDTAVYYCARSNSLDSWGQGTTVTVSS,EM-03,0.368641718,0.481901397,7.96
QVQLVQSGAEVKKPGASVKVSCKASGYTFTDYYMHWVRQAPGQGLEWMGRVNPNRRGTTYNQKFEGRVTMTTDTSTSTAYMELRSLRSDDTAVYYCARANWLDYWGQGTTVTVSS,WT,1,1,9.2
